{"metrics": [{"metric": "DatasetDriftMetric", "result": {"drift_share": 0.5, "number_of_columns": 7, "number_of_drifted_columns": 5, "share_of_drifted_columns": 0.7142857142857143, "dataset_drift": true}}, {"metric": "DataDriftTable", "result": {"number_of_columns": 7, "number_of_drifted_columns": 5, "share_of_drifted_columns": 0.7142857142857143, "dataset_drift": true, "drift_by_columns": {"target": {"column_name": "target", "column_type": "cat", "stattest_name": "Jensen-Shannon distance", "stattest_threshold": 0.1, "drift_score": 0.003182005375137736, "drift_detected": false, "current": {"small_distribution": {"x": [0, 1], "y": [252, 248]}}, "reference": {"small_distribution": {"x": [0, 1], "y": [999, 1001]}}}, "f0": {"column_name": "f0", "column_type": "num", "stattest_name": "Wasserstein distance (normed)", "stattest_threshold": 0.1, "drift_score": 0.3584133141484581, "drift_detected": true, "current": {"small_distribution": {"x": [-3.9076701820049977, -3.1116117568291113, -2.3155533316532253, -1.5194949064773389, -0.7234364813014529, 0.0726219438744331, 0.86868036905032, 1.664738794226206, 2.460797219402092, 3.256855644577978, 4.052914069753864], "y": [0.015074270456152311, 0.03266091932166336, 0.040198054549739494, 0.13315605569601213, 0.19596551592998016, 0.27887400343881763, 0.3190720579885574, 0.19596551592998016, 0.03266091932166336, 0.012561892046793593]}}, "reference": {"small_distribution": {"x": [-5.532170550000258, -4.4955165443390666, -3.4588625386778755, -2.4222085330166845, -1.3855545273554934, -0.3489005216943024, 0.6877534839668886, 1.7244074896280797, 2.7610614952892707, 3.7977155009504617, 4.834369506611654], "y": [0.000964642006435105, 0.006752494045045735, 0.05257298935071322, 0.1635068200907503, 0.20450410536424227, 0.18569358623875773, 0.2213853404768566, 0.10032276866925093, 0.02508069216731273, 0.0038585680257404165]}}}, "f1": {"column_name": "f1", "column_type": "num", "stattest_name": "Wasserstein distance (normed)", "stattest_threshold": 0.1, "drift_score": 0.34657915669217493, "drift_detected": true, "current": {"small_distribution": {"x": [-3.4309494540471706, -2.54824712705314, -1.6655448000591095, -0.7828424730650791, 0.09985985392895147, 0.9825621809229821, 1.8652645079170123, 2.7479668349110433, 3.6306691619050735, 4.513371488899104, 5.396073815893135], "y": [0.013594616931468847, 0.056644237214453545, 0.1518065557347355, 0.2854869555608458, 0.2854869555608458, 0.21751387090350166, 0.08609924056596932, 0.02945500335151585, 0.0045315389771562855, 0.00226576948857814]}}, "reference": {"small_distribution": {"x": [-3.217378889289618, -2.5537797824237414, -1.8901806755578643, -1.2265815686919874, -0.5629824618261106, 0.10061664503976608, 0.7642157519056432, 1.4278148587715203, 2.091413965637397, 2.7550130725032735, 3.418612179369151], "y": [0.0075346695742472955, 0.03164561221183862, 0.11754084535825778, 0.26898770380062836, 0.39330975177570876, 0.3465948004153753, 0.2343282237590907, 0.08212789835929551, 0.021097074807892427, 0.0037673347871236425]}}}, "f2": {"column_name": "f2", "column_type": "num", "stattest_name": "Wasserstein distance (normed)", "stattest_threshold": 0.1, "drift_score": 0.5532340300773314, "drift_detected": true, "current": {"small_distribution": {"x": [-3.307143124247919, -2.360925584961365, -1.4147080456748111, -0.4684905063882572, 0.47772703289829677, 1.4239445721848507, 2.3701621114714047, 3.3163796507579586, 4.262597190044513, 5.208814729331067, 6.15503226861762], "y": [0.01479575194786177, 0.09511554823625423, 0.19023109647250847, 0.2938013601075409, 0.2768919293099845, 0.12259337328228323, 0.044387255843585306, 0.012682073098167225, 0.004227357699389077, 0.0021136788496945403]}}, "reference": {"small_distribution": {"x": [-5.366187617668794, -4.305342262880547, -3.2444969080923007, -2.183651553304054, -1.122806198515807, -0.06196084372755983, 0.9988845110606865, 2.059729865848933, 3.12057522063718, 4.181420575425427, 5.242265930213673], "y": [0.004241900084389052, 0.02498007827473555, 0.11594526897330082, 0.22811996009381133, 0.24131698257857717, 0.1791024480075379, 0.09285047962496044, 0.04100503414909417, 0.01319702248476594, 0.0018852889263951374]}}}, "f3": {"column_name": "f3", "column_type": "num", "stattest_name": "Wasserstein distance (normed)", "stattest_threshold": 0.1, "drift_score": 0.07387593295174656, "drift_detected": false, "current": {"small_distribution": {"x": [-3.445085655754616, -2.841073751909321, -2.237061848064026, -1.6330499442187307, -1.0290380403734356, -0.42502613652814025, 0.17898576731715465, 0.7829976711624496, 1.387009575007745, 1.9910214788530403, 2.595033382698336], "y": [0.009933579059953056, 0.023178351139890446, 0.06953505341967135, 0.18542680911912365, 0.3013185648185758, 0.3675424252182631, 0.4172103205180283, 0.15231487891928006, 0.10595817663949919, 0.02317835113989043]}}, "reference": {"small_distribution": {"x": [-3.4253630855929744, -2.7696757888384025, -2.1139884920838306, -1.4583011953292586, -0.8026138985746867, -0.14692660182011474, 0.5087606949344572, 1.1644479916890296, 1.820135288443601, 2.4758225851981726, 3.131509881952745], "y": [0.0022876758592464542, 0.025926993071459813, 0.0976075033278487, 0.21656664800866432, 0.3385760271684752, 0.38204186849415783, 0.27452110310957434, 0.12887240673755035, 0.04880375166392439, 0.009913262056734626]}}}, "f4": {"column_name": "f4", "column_type": "num", "stattest_name": "Wasserstein distance (normed)", "stattest_threshold": 0.1, "drift_score": 0.5787973902672104, "drift_detected": true, "current": {"small_distribution": {"x": [-3.845279795501603, -3.0444131117140185, -2.243546427926434, -1.4426797441388493, -0.6418130603512648, 0.15905362343631957, 0.9599203072239044, 1.7607869910114884, 2.5616536747990732, 3.362520358586658, 4.163387042374242], "y": [0.007491883632396666, 0.017481061808925554, 0.05244318542677663, 0.15233496719206555, 0.3296428798254533, 0.3421293525461142, 0.2247565089719001, 0.09739448722115661, 0.022475650897189985, 0.0024972945441322234]}}, "reference": {"small_distribution": {"x": [-6.493301546891751, -5.347467158167795, -4.20163276944384, -3.0557983807198847, -1.9099639919959293, -0.7641296032719742, 0.3817047854519817, 1.5275391741759377, 2.6733735628998927, 3.8192079516238477, 4.965042340347805], "y": [0.0008727264688866926, 0.008727264688866932, 0.031854516114364295, 0.13658169238076748, 0.2666179362448848, 0.20552708342281611, 0.11127262478305332, 0.07854538219980241, 0.02705452053548749, 0.005672722047763498]}}}, "f5": {"column_name": "f5", "column_type": "num", "stattest_name": "Wasserstein distance (normed)", "stattest_threshold": 0.1, "drift_score": 0.3614633350650012, "drift_detected": true, "current": {"small_distribution": {"x": [-3.3188281907448838, -2.666028698081878, -2.013229205418872, -1.3604297127558658, -0.7076302200928599, -0.054830727429854065, 0.5979687652331522, 1.2507682578961576, 1.903567750559164, 2.5563672432221702, 3.209166735885175], "y": [0.009191183613706291, 0.027573550841118878, 0.09803929187953371, 0.22671586247142186, 0.3737748002907225, 0.3737748002907223, 0.2726717805399535, 0.10723047549324, 0.03370100658358972, 0.009191183613706305]}}, "reference": {"small_distribution": {"x": [-5.359275180466665, -4.359835959059956, -3.3603967376532484, -2.3609575162465397, -1.3615182948398314, -0.3620790734331232, 0.6373601479735855, 1.6367993693802934, 2.636238590787002, 3.63567781219371, 4.635117033600419], "y": [0.006003366559454222, 0.0315176744371347, 0.07254067926007185, 0.1270712588417811, 0.14308023633365902, 0.19110716880929274, 0.29716664469298426, 0.1150645257228726, 0.015508696945256755, 0.0015008416398635555]}}}}, "current_fi": null, "reference_fi": null}}, {"metric": "ColumnDriftMetric", "result": {"column_name": "target", "column_type": "cat", "stattest_name": "Jensen-Shannon distance", "stattest_threshold": 0.1, "drift_score": 0.003182005375137736, "drift_detected": false, "current": {"small_distribution": {"x": [0, 1],